﻿<?xml version="1.0" encoding="utf-8"?>
<ModMetaData>
	<name>Vine</name>
	<author>RecompiledBirds, Danimineiro, LiQd</author>
	<supportedVersions>
		<li>1.4</li>
	</supportedVersions>
	<packageId>RimVali.Rewritten.Core</packageId>
	<description>
		Vine is a library mod, primarily for creating races!
	</description>
	<modDependencies>
		<li>
			<packageId>brrainz.harmony</packageId>
			<displayName>Harmony</displayName>
			<steamWorkshopUrl>https://steamcommunity.com/workshop/filedetails/?id=2009463077</steamWorkshopUrl>
		</li>
	</modDependencies>
	<loadAfter>
		<li>erdelf.HumanoidAlienRaces</li>
	</loadAfter>
</ModMetaData>